floor,code,tower,category,capacity,sub,pcd,kind
-1,T3 3223,C,2,2,057A;057B,False,CAR
-1,T3 3201,C,2,2,010A;010B,False,CAR
-1,T3 3202,C,2,2,010A;010B,False,CAR
-1,T3 3203,C,2,2,010A;010B,False,CAR
-1,T3 3204,C,2,2,010A;010B,False,CAR
-1,T3 3205,C,2,2,010A;010B,False,CAR
-1,T3 3224,C,2,2,057A;057B,False,CAR
-1,T3 3225,C,2,2,058A;058B,False,CAR
-1,T3 3206,C,2,2,010A;010B,False,CAR
-1,T3 3207,C,2,2,010A;010B,False,CAR
-1,T3 3208,C,2,2,010A;010B,False,CAR
-1,T3 3226,C,2,2,093A;093B,False,CAR
-1,T3 3227,C,2,2,094A;094B,False,CAR
-1,T3 3228,B,2,2,066A;066B,False,CAR
-1,T3 3231,C,2,2,093A;093B,False,CAR
-1,T3 3230,C,2,2,094A;094B,False,CAR
-1,T3 3229,C,2,2,095A;095B,False,CAR
-1,T3 3209,C,2,2,010A;010B,False,CAR
-1,T3 3210,C,2,2,010A;010B,False,CAR
-1,T3 3211,C,2,2,010A;010B,False,CAR
-1,T3 3212,C,2,2,010A;010B,False,CAR
-1,T3 3213,C,2,2,010A;010B,False,CAR
-1,T3 3214,C,2,2,010A;010B,False,CAR
-1,T3 3215,C,2,2,010A;010B,False,CAR
-1,T3 3216,C,2,2,010A;010B,False,CAR
-1,T3 3217,C,2,2,010A;010B,False,CAR
-1,T3 3218,B,2,2,066A;066B,False,CAR
-1,T3 3232,C,2,2,093A;093B,False,CAR
-1,T3 3234,C,2,2,093A;093B,False,CAR
-1,T3 3235,C,2,2,093A;093B,False,CAR
-1,T3 3219,B,2,2,066A;066B,False,CAR
-1,T3 3220,B,2,2,066A;066B,False,CAR
-1,T3 3221,B,2,2,066A;066B,False,CAR
-1,T3 3222,B,2,2,066A;066B,False,CAR
-1,T3 3102,C,2,2,057A;057B,False,CAR
-1,T3 3103,C,2,2,057A;057B,False,CAR
-1,T3 3105,C,2,2,093A;093B,False,CAR
-1,T3 3104,C,2,2,093A;093B,False,CAR
-1,T3 3106,C,2,2,093A;093B,False,CAR
-1,T3 3107,C,2,2,093A;093B,False,CAR
-1,T3 3108,C,2,2,093A;093B,False,CAR
-1,T3 3109,C,2,2,093A;093B,False,CAR
-1,T3 3110,C,2,2,093A;093B,False,CAR
-1,T3 3111,C,2,2,094A;094B,False,CAR
-1,T3 3112,C,2,2,095A;095B,False,CAR
-1,T3 3113,C,2,2,095A;095B,False,CAR
-1,T3 3101,C,2,2,058A;058B,False,CAR
-1,T2 2201,B,2,2,066A;066B,False,CAR
-1,T2 2202,B,2,2,066A;066B,False,CAR
-1,T2 2203,B,2,2,066A;066B,False,CAR
-1,T2 2204,B,2,2,070A;070B,False,CAR
-1,T2 2205,B,2,2,070A;070B,False,CAR
-1,T2 2206,B,2,2,070A;070B,False,CAR
-1,T2 2207,B,2,2,071A;071B,False,CAR
-1,T2 2208,B,2,2,071A;071B,False,CAR
-1,T2 2209,B,2,2,071A;071B,False,CAR
-1,T2 2210,B,2,2,071A;071B,False,CAR
-1,T2 2211,B,2,2,074A;074B,False,CAR
-1,T2 2212,B,2,2,074A;074B,False,CAR
-1,T2 2213,B,2,2,074A;074B,False,CAR
-1,T2 2214,A,2,2,075A;075B,False,CAR
-1,T2 2215,A,2,2,076A;076B,False,CAR
-1,T2 2216,B,2,2,070A;070B,False,CAR
-1,T2 2217,B,2,2,071A;071B,False,CAR
-1,T2 2218,B,2,2,074A;074B,False,CAR
-1,T2 2219,B,1,1,,False,CAR
-1,T2 2222,B,2,2,104A;104B,False,CAR
-1,T2 2223,B,2,2,104A;104B,False,CAR
-1,T2 2224,B,2,2,111A;111B,False,CAR
-1,T2 2220,B,2,2,098A;098B,False,CAR
-1,T2 2221,B,2,2,099A;099B,False,CAR
-1,T2 2101,B,2,2,066A;066B,False,CAR
-1,T2 2102,B,2,2,066A;066B,False,CAR
-1,T2 2103,B,2,2,066A;066B,False,CAR
-1,T2 2114,C,2,2,095A;095B,False,CAR
-1,T2 2113,B,2,2,098A;098B,False,CAR
-1,T2 2112,B,2,2,099A;099B,False,CAR
-1,T2 2111,B,2,2,099A;099B,False,CAR
-1,T2 2110,B,2,2,104A;104B,False,CAR
-1,T2 2109,B,2,2,104A;104B,False,CAR
-1,T2 2108,B,2,2,104A;104B,False,CAR
-1,T2 2107,B,2,2,104A;104B,False,CAR
-1,T2 2115,B,2,2,099A;099B,False,CAR
-1,T2 2116,B,2,2,099A;099B,False,CAR
-1,T2 2117,B,2,2,104A;104B,False,CAR
-1,T2 2118,B,2,2,104A;104B,False,CAR
-1,T2 2119,B,2,2,111A;111B,False,CAR
-1,T2 2106,B,2,2,104A;104B,False,CAR
-1,T2 2104,B,1,1,,False,CAR
-1,T2 2230,B,2,2,111A;111B,False,CAR
-1,T2 2229,B,2,2,104A;104B,False,CAR
-1,T2 2228,B,2,2,104A;104B,False,CAR
-1,T2 2227,B,2,2,104A;104B,False,CAR
-1,T2 2226,B,2,2,099A;099B,False,CAR
-1,T2 2225,B,2,2,098A;098B,False,CAR
-1,T1 1201,A,2,2,077A;077B,False,CAR
-1,T1 1202,A,2,2,077A;077B,False,CAR
-1,T1 1203,A,2,2,077A;077B,False,CAR
-1,T1 1204,A,2,2,077A;077B,False,CAR
-1,T1 1205,A,2,2,077A;077B,False,CAR
-1,T1 1206,A,2,2,085A;085B,False,CAR
-1,T1 1207,A,2,2,085A;085B,False,CAR
-1,T1 1208,A,2,2,085A;085B,False,CAR
-1,T1 1209,A,2,2,085A;085B,False,CAR
-1,T1 1210,A,2,2,085A;085B,False,CAR
-1,T1 1211,A,2,2,085A;085B,False,CAR
-1,T1 1212,A,2,2,085A;085B,False,CAR
-1,T1 1213,A,2,2,075A;075B,False,CAR
-1,T1 1214,A,2,2,076A;076B,False,CAR
-1,T1 1215,A,2,2,077A;077B,False,CAR
-1,T1 1217,A,2,2,085A;085B,False,CAR
-1,T1 1218,A,2,2,086A;086B,False,CAR
-1,T1 1219,A,2,1,110B,False,CAR
-1,T1 1220,A,2,2,112A;112B,False,CAR
-1,T1 1221,A,2,2,113A;113B,False,CAR
-1,T1 1222,A,2,2,117A;117B,False,CAR
-1,T1 1223,A,2,2,118A;118B,False,CAR
-1,T1 1225,A,2,2,123A;123B,False,CAR
-1,T1 1226,A,2,2,123A;123B,False,CAR
-1,T1 1227,A,2,2,125A;125B,False,CAR
-1,T1 1231,A,2,2,123A;123B,False,CAR
-1,T1 1230,A,2,2,123A;123B,False,CAR
-1,T1 1229,A,2,2,123A;123B,False,CAR
-1,T1 1228,A,2,2,125A;125B,False,CAR
-1,T1 1224,A,2,2,123A;123B,False,CAR
-1,T1 1216,A,2,2,085A;085B,False,CAR
-1,T1 1102,A,2,2,077A;077B,False,CAR
-1,T1 1103,A,2,2,077A;077B,False,CAR
-1,T1 1104,A,2,2,085A;085B,False,CAR
-1,T1 1105,A,2,2,117A;117B,False,CAR
-1,T1 1106,A,2,2,118A;118B,False,CAR
-1,T1 1107,A,2,2,123A;123B,False,CAR
-1,T1 1108,A,2,2,125A;125B,False,CAR
-1,T1 1109,A,2,2,113A;113B,False,CAR
-1,T1 1110,A,2,2,114A;114B,False,CAR
-1,T1 1111,A,2,2,114A;114B,False,CAR
-1,T1 1112,A,2,2,117A;117B,False,CAR
-1,T1 1113,A,2,2,117A;117B,False,CAR
-1,T1 1114,A,2,2,117A;117B,False,CAR
-1,T1 1115,A,2,2,118A;118B,False,CAR
-1,T1 1116,A,2,2,118A;118B,False,CAR
-1,T1 1117,A,2,2,118A;118B,False,CAR
-1,T2 2105,B,1,1,,False,CAR
-1,T1 1315,A,2,2,114A;114B,False,CAR
-1,T1 1159,A,2,2,114A;114B,False,CAR
-1,T2 2315,B,2,2,066A;066B,False,CAR
-1,T2 2159,B,2,2,066A;066B,False,CAR
-1,MOTO 001,,,1,,False,MOTO
-1,MOTO 002,,,1,,False,MOTO
-1,MOTO 003,,,1,,False,MOTO
-1,MOTO 006,,,1,,False,MOTO
-1,MOTO 004,,,1,,False,MOTO
-1,MOTO 005,,,1,,False,MOTO
-1,MOTO 007,,,1,,False,MOTO
0,T3 3236,C,2,2,173A;173B,False,CAR
0,T3 3237,C,2,2,174A;174B,False,CAR
0,T3 3238,C,2,2,175A;175B,False,CAR
0,T3 3239,C,2,2,176A;176B,False,CAR
0,T3 3240,C,2,2,177A;177B,False,CAR
0,T3 3241,C,2,2,178A;178B,False,CAR
0,T3 3242,C,2,2,179A;179B,False,CAR
0,T3 3243,C,2,2,180A;180B,False,CAR
0,T3 3244,C,2,1,181A,False,CAR
0,T3 3245,C,2,2,182A;182B,False,CAR
0,T3 3246,C,2,2,183A;183B,False,CAR
0,T3 3247,C,2,1,184A,False,CAR
0,T3 3248,C,2,2,185A;185B,False,CAR
0,T3 3249,C,2,2,186A;186B,False,CAR
0,T3 3250,C,2,2,187A;187B,False,CAR
0,T3 3251,C,2,1,,False,CAR
0,T3 3254,C,2,2,220A;220B,False,CAR
0,T3 3253,C,2,2,218A;218B,False,CAR
0,T3 3252,C,2,2,217A;217B,False,CAR
0,T3 3261,C,2,2,252A;252B,False,CAR
0,T3 3260,C,2,2,253A;253B,False,CAR
0,T3 3259,C,2,1,,True,CAR
0,T3 3258,C,2,2,258A;258B,False,CAR
0,T3 3257,C,2,1,259A,False,CAR
0,T3 3255,C,2,2,262A;262B,False,CAR
0,T3 3263,C,2,1,,False,CAR
0,T3 3264,C,2,1,,False,CAR
0,T3 3265,C,2,1,,False,CAR
0,T3 3266,C,2,1,,False,CAR
0,T3 3267,C,2,1,,False,CAR
0,T3 3262,C,2,2,251A;251B,False,CAR
0,T3 3256,C,2,1,260A,False,CAR
0,T3 3114,C,1,1,,False,CAR
0,T3 3115,C,1,1,,False,CAR
0,T3 3116,C,1,1,,False,CAR
0,T3 3117,C,1,1,,False,CAR
0,T3 3118,C,1,1,,False,CAR
0,T3 3119,C,1,1,,True,CAR
0,T3 3120,C,1,1,,False,CAR
0,T3 3121,C,1,1,,False,CAR
0,T3 3122,C,1,1,,False,CAR
0,T3 3123,C,1,1,,False,CAR
0,T3 3124,C,1,1,,False,CAR
0,T3 3125,C,1,1,,False,CAR
0,T3 3126,C,1,1,,False,CAR
0,T3 3127,C,1,1,,False,CAR
0,T3 3128,C,1,1,,False,CAR
0,T3 3129,C,1,1,,False,CAR
0,T3 3130,C,1,1,,False,CAR
0,T3 3131,C,1,1,,False,CAR
0,T3 3132,C,1,1,,False,CAR
0,T3 3133,C,1,1,,False,CAR
0,T2 2233,B,2,2,191A;191B,False,CAR
0,T2 2234,B,2,2,192A;192B,False,CAR
0,T2 2235,B,2,2,193A;193B,False,CAR
0,T2 2236,B,2,2,194A;194B,False,CAR
0,T2 2237,B,2,2,195A;195B,False,CAR
0,T2 2238,B,2,2,196A;196B,False,CAR
0,T2 2239,B,2,2,197A;197B,False,CAR
0,T2 2240,B,2,2,198A;198B,False,CAR
0,T2 2241,B,2,2,199A;199B,False,CAR
0,T2 2243,B,2,2,201A;201B,False,CAR
0,T2 2244,B,2,2,202A;202B,False,CAR
0,T2 2245,B,2,2,203A;203B,False,CAR
0,T2 2242,B,2,2,200A;200B,False,CAR
0,T2 2246,B,2,1,278A,False,CAR
0,T2 2231,B,2,2,189A;189B,False,CAR
0,T2 2232,B,2,2,190A;190B,False,CAR
0,T2 2247,B,2,2,221A;221B,False,CAR
0,T2 2248,B,2,2,222A;222B,False,CAR
0,T2 2249,B,2,2,223A;223B,False,CAR
0,T2 2260,B,2,2,263A;263B,False,CAR
0,T2 2259,B,2,2,264A;264B,False,CAR
0,T2 2258,B,2,2,265A;265B,False,CAR
0,T2 2257,B,2,1,267B,False,CAR
0,T2 2256,B,2,1,268A,False,CAR
0,T2 2255,B,2,2,269A;269B,False,CAR
0,T2 2250,B,2,2,225A;225B,False,CAR
0,T2 2251,B,2,2,226A;226B,False,CAR
0,T2 2252,B,2,1,,False,CAR
0,T2 2253,B,2,2,231A;231B,False,CAR
0,T2 2254,B,2,2,232A;232B,False,CAR
0,T2 2261,B,2,2,188A;188B,False,CAR
0,T2 2262,B,2,1,,False,CAR
0,T2 2120,B,1,1,,False,CAR
0,T2 2121,B,1,1,,False,CAR
0,T2 2122,B,1,1,,True,CAR
0,T2 2123,B,1,1,,False,CAR
0,T2 2127,B,1,1,,False,CAR
0,T2 2126,B,1,1,,True,CAR
0,T2 2125,B,1,1,267A,False,CAR
0,T2 2124,B,1,1,,False,CAR
0,T2 2128,B,1,1,,False,CAR
0,T2 2129,B,1,1,,False,CAR
0,T2 2130,B,1,1,,False,CAR
0,T2 2131,B,1,1,,False,CAR
0,T2 2132,B,1,1,,False,CAR
0,T2 2133,B,1,1,,False,CAR
0,T2 2134,B,1,1,,False,CAR
0,T2 2135,B,1,1,,False,CAR
0,T2 2136,B,1,1,,False,CAR
0,T2 2137,B,1,1,,False,CAR
0,T2 2138,B,1,1,,False,CAR
0,T2 2139,B,1,1,,False,CAR
0,T2 2140,B,1,1,,False,CAR
0,T2 2141,B,1,1,,False,CAR
0,T2 2142,B,1,1,,False,CAR
0,T1 1232,A,2,2,205A;205B,False,CAR
0,T1 1233,A,2,2,206A;206B,False,CAR
0,T1 1234,A,2,2,207A;207B,False,CAR
0,T1 1235,A,2,2,208A;208B,False,CAR
0,T1 1236,A,2,2,235A;235B,False,CAR
0,T1 1237,A,2,2,236A;236B,False,CAR
0,T1 1238,A,2,2,237A;237B,False,CAR
0,T1 1239,A,2,2,238A;238B,False,CAR
0,T1 1240,A,2,2,240A;240B,False,CAR
0,T1 1241,A,2,2,241A;241B,False,CAR
0,T1 1247,A,2,1,279B,False,CAR
0,T1 1246,A,2,2,204A;204B,False,CAR
0,T1 1248,A,2,2,273A;273B,False,CAR
0,T1 1249,A,2,1,274A,False,CAR
0,T1 1250,A,2,2,280A;280B,False,CAR
0,T1 1251,A,2,2,281A;281B,False,CAR
0,T1 1252,A,2,1,282A,False,CAR
0,T1 1253,A,2,2,283A;283B,False,CAR
0,T1 1254,A,2,2,285A;285B,False,CAR
0,T1 1255,A,2,2,286A;286B,False,CAR
0,T1 1256,A,2,2,287A;287B,False,CAR
0,T1 1258,A,2,1,291A,False,CAR
0,T1 1259,A,2,1,292A,False,CAR
0,T1 1260,A,2,1,293A,False,CAR
0,T1 1243,A,2,2,246A;246B,False,CAR
0,T1 1244,A,2,2,247A;247B,False,CAR
0,T1 1266,A,2,1,,False,CAR
0,T1 1265,A,2,1,,False,CAR
0,T1 1264,A,2,1,,False,CAR
0,T1 1263,A,2,1,,False,CAR
0,T1 1262,A,2,1,,False,CAR
0,T1 1261,A,2,1,,False,CAR
0,T1 1242,A,2,1,,False,CAR
0,T1 1257,A,2,1,,False,CAR
0,T1 1118,A,1,1,,False,CAR
0,T1 1119,A,1,1,,False,CAR
0,T1 1120,A,1,1,,False,CAR
0,T1 1127,A,1,1,,False,CAR
0,T1 1128,A,1,1,,False,CAR
0,T1 1125,A,1,1,,False,CAR
0,T1 1123,A,1,1,,False,CAR
0,T1 1124,A,1,1,,False,CAR
0,T1 1129,A,1,1,,False,CAR
0,T1 1130,A,1,1,,False,CAR
0,T1 1131,A,1,1,,False,CAR
0,T1 1132,A,1,1,,False,CAR
0,T1 1133,A,1,1,,False,CAR
0,T1 1134,A,1,1,,False,CAR
0,T1 1135,A,1,1,,False,CAR
0,T1 1126,A,1,1,,True,CAR
0,T1 1121,A,1,1,,False,CAR
0,T1 1122,A,1,1,,False,CAR
0,T3 3316,C,2,2,212A;212B,False,CAR
0,T3 3160,C,1,1,,False,CAR
0,MOTO 008,,,1,,False,MOTO
0,MOTO 009,,,1,,False,MOTO
0,MOTO 010,,,1,,False,MOTO
0,MOTO 017,,,1,,False,MOTO
0,MOTO 018,,,1,,False,MOTO
0,MOTO 013,,,1,,False,MOTO
0,MOTO 014,,,1,,False,MOTO
0,MOTO 015,,,1,,False,MOTO
0,MOTO 012,,,1,,False,MOTO
0,MOTO 011,,,1,,False,MOTO
0,MOTO 016,,,1,,False,MOTO
0,MOTO 028,,,1,,False,MOTO
0,MOTO 027,,,1,,False,MOTO
0,MOTO 026,,,1,,False,MOTO
0,MOTO 025,,,1,,False,MOTO
0,MOTO 024,,,1,,False,MOTO
0,MOTO 023,,,1,,False,MOTO
0,MOTO 022,,,1,,False,MOTO
0,MOTO 021,,,1,,False,MOTO
0,MOTO 020,,,1,,False,MOTO
0,MOTO 019,,,1,,False,MOTO
0,MOTO 033,,,1,,False,MOTO
0,MOTO 032,,,1,,False,MOTO
0,MOTO 031,,,1,,False,MOTO
0,MOTO 030,,,1,,False,MOTO
0,MOTO 029,,,1,,False,MOTO
1,T3 3268,C,2,2,352A;352B,False,CAR
1,T3 3269,C,2,2,353A;353B,False,CAR
1,T3 3270,C,2,1,354A,False,CAR
1,T3 3271,C,2,2,355A;355B,False,CAR
1,T3 3272,C,2,2,356A;356B,False,CAR
1,T3 3273,C,2,2,357A;357B,False,CAR
1,T3 3274,C,2,2,358A;358B,False,CAR
1,T3 3275,C,2,2,359A;359B,False,CAR
1,T3 3276,C,2,2,360A;360B,False,CAR
1,T3 3277,C,2,2,361A;361B,False,CAR
1,T3 3278,C,2,2,362A;362B,False,CAR
1,T3 3279,C,2,1,363A,False,CAR
1,T3 3280,C,2,2,364A;364B,False,CAR
1,T3 3281,C,2,2,365A;365B,False,CAR
1,T3 3282,C,2,2,381A;381B,False,CAR
1,T3 3283,C,2,2,382A;382B,False,CAR
1,T3 3284,C,2,2,387A;387B,False,CAR
1,T3 3286,C,2,1,,False,CAR
1,T3 3285,C,2,1,390B,False,CAR
1,T3 3287,C,2,2,422A;422B,False,CAR
1,T3 3288,C,2,2,421A;421B,False,CAR
1,T3 3289,C,2,2,420A;420B,False,CAR
1,T3 3134,C,1,1,,False,CAR
1,T3 3135,C,1,1,,False,CAR
1,T3 3136,C,1,1,,False,CAR
1,T3 3139,C,1,1,,True,CAR
1,T3 3140,C,1,1,390A,False,CAR
1,T3 3147,C,1,1,,False,CAR
1,T3 3146,C,1,1,,False,CAR
1,T3 3145,C,1,1,,False,CAR
1,T3 3144,C,1,1,,False,CAR
1,T3 3143,C,1,1,,False,CAR
1,T3 3142,C,1,1,,False,CAR
1,T3 3141,C,1,1,,False,CAR
1,T3 3137,C,1,1,,False,CAR
1,T3 3138,C,1,1,,False,CAR
1,T2 2263,B,2,2,366A;366B,False,CAR
1,T2 2264,B,2,2,367A;367B,False,CAR
1,T2 2265,B,2,2,368A;368B,False,CAR
1,T2 2266,B,2,2,369A;369B,False,CAR
1,T2 2267,B,2,2,370A;370B,False,CAR
1,T2 2268,B,2,2,371A;371B,False,CAR
1,T2 2269,B,2,2,372A;372B,False,CAR
1,T2 2270,B,2,2,373A;373B,False,CAR
1,T2 2271,B,2,2,374A;374B,False,CAR
1,T2 2272,B,2,2,375A;375B,False,CAR
1,T2 2273,B,2,2,376A;376B,False,CAR
1,T2 2274,B,2,2,377A;377B,False,CAR
1,T2 2275,B,2,2,378A;378B,False,CAR
1,T2 2276,B,2,2,391A;391B,False,CAR
1,T2 2290,B,2,1,432A,False,CAR
1,T2 2289,B,2,1,433A,False,CAR
1,T2 2288,B,2,1,434A,False,CAR
1,T2 2278,B,2,2,393A;393B,False,CAR
1,T2 2277,B,2,2,392A;392B,False,CAR
1,T2 2279,B,2,2,395A;395B,False,CAR
1,T2 2280,B,2,2,396A;396B,False,CAR
1,T2 2286,B,2,2,437A;437B,False,CAR
1,T2 2287,B,2,2,436A;436B,False,CAR
1,T2 2285,B,2,2,438A;438B,False,CAR
1,T2 2281,B,2,1,,False,CAR
1,T2 2284,B,2,1,,True,CAR
1,T2 2282,B,2,2,401A;401B,False,CAR
1,T2 2283,B,2,2,402A;402B,False,CAR
1,T2 2143,B,1,1,,False,CAR
1,T2 2144,B,1,1,,False,CAR
1,T2 2145,B,1,1,,True,CAR
1,T2 2147,B,1,1,,False,CAR
1,T2 2146,B,1,1,,False,CAR
1,T1 1138,A,1,1,,False,CAR
1,T1 1139,A,1,1,,True,CAR
1,T1 1137,A,1,1,,False,CAR
1,T1 1145,A,1,1,,False,CAR
1,T1 1146,A,1,1,,False,CAR
1,T1 1147,A,1,1,,False,CAR
1,T1 1148,A,1,1,,False,CAR
1,T1 1143,A,1,1,,False,CAR
1,T1 1142,A,1,1,,False,CAR
1,T1 1144,A,1,1,,False,CAR
1,T1 1136,A,1,1,,False,CAR
1,T1 1141,A,1,1,,False,CAR
1,T1 1140,A,1,1,,False,CAR
1,T1 1267,A,2,2,404A;404B,False,CAR
1,T1 1268,A,2,2,405A;405B,False,CAR
1,T1 1269,A,2,2,406A;406B,False,CAR
1,T1 1270,A,2,2,407A;407B,False,CAR
1,T1 1271,A,2,2,409A;409B,False,CAR
1,T1 1272,A,2,2,410A;410B,False,CAR
1,T1 1274,A,2,2,415A;415B,False,CAR
1,T1 1288,A,2,2,463A;463B,False,CAR
1,T1 1289,A,2,1,464A,False,CAR
1,T1 1290,A,2,2,465A;465B,False,CAR
1,T1 1280,A,2,1,451A,False,CAR
1,T1 1277,A,2,1,450B,False,CAR
1,T1 1281,A,2,1,452A,False,CAR
1,T1 1282,A,2,1,453A,False,CAR
1,T1 1283,A,2,1,454A,False,CAR
1,T1 1284,A,2,2,456A;456B,False,CAR
1,T1 1285,A,2,2,457A;457B,False,CAR
1,T1 1286,A,2,2,458A;458B,False,CAR
1,T1 1287,A,2,1,,False,CAR
1,T1 1278,A,2,2,443A;443B,False,CAR
1,T1 1279,A,2,1,444A,False,CAR
1,T1 1276,A,2,1,448B,False,CAR
1,T1 1275,A,2,1,,False,CAR
1,T1 1273,A,2,1,,False,CAR
1,T3 3315,C,2,1,427A,False,CAR
1,T3 3159,C,1,1,431A,False,CAR
1,MOTO 036,,,1,,False,MOTO
1,MOTO 035,,,1,,False,MOTO
1,MOTO 034,,,1,,False,MOTO
1,MOTO 039,,,1,,False,MOTO
1,MOTO 040,,,1,,False,MOTO
1,MOTO 041,,,1,,False,MOTO
1,MOTO 045,,,1,,False,MOTO
1,MOTO 042,,,1,,False,MOTO
1,MOTO 043,,,1,,False,MOTO
1,MOTO 037,,,1,,False,MOTO
1,MOTO 038,,,1,,False,MOTO
1,MOTO 044,,,1,,False,MOTO
2,T3 3233,C,2,2,479A;479B,False,CAR
2,T3 3290,C,2,2,467A;467B,False,CAR
2,T3 3291,C,2,2,468A;468B,False,CAR
2,T3 3292,C,2,1,469A,False,CAR
2,T3 3293,C,2,2,470A;470B,False,CAR
2,T3 3294,C,2,2,471A;471B,False,CAR
2,T3 3295,C,2,2,472A;472B,False,CAR
2,T3 3296,C,2,2,473A;473B,False,CAR
2,T3 3297,C,2,2,474A;474B,False,CAR
2,T3 3298,C,2,2,475A;475B,False,CAR
2,T3 3302,C,2,1,,False,CAR
2,T3 3303,C,2,2,497A;497B,False,CAR
2,T3 3306,C,2,2,505A;505B,False,CAR
2,T3 3307,C,2,1,544A,False,CAR
2,T3 3308,C,2,2,542A;542B,False,CAR
2,T3 3309,C,2,1,541A,False,CAR
2,T3 3310,C,2,2,540A;540B,False,CAR
2,T3 3312,C,2,2,535A;535B,False,CAR
2,T3 3313,C,2,2,534A;534B,False,CAR
2,T3 3314,C,2,2,533A;533B,False,CAR
2,T3 3311,C,2,1,,False,CAR
2,T3 3299,C,2,1,476A,False,CAR
2,T3 3300,C,2,2,477A;477B,False,CAR
2,T3 3301,C,2,2,478A;478B,False,CAR
2,T3 3304,C,2,2,502A;502B,False,CAR
2,T3 3305,C,2,1,,False,CAR
2,T2 2294,B,2,2,482A;482B,False,CAR
2,T2 2295,B,2,2,483A;483B,False,CAR
2,T2 2296,B,2,2,484A;484B,False,CAR
2,T2 2291,B,2,1,,False,CAR
2,T2 2292,B,2,2,480A;480B,False,CAR
2,T2 2293,B,2,2,481A;481B,False,CAR
2,T2 2297,B,2,1,485A,False,CAR
2,T2 2298,B,2,1,486A,False,CAR
2,T2 2299,B,2,1,487A,False,CAR
2,T2 2300,B,2,1,488A,False,CAR
2,T2 2301,B,2,1,489A,False,CAR
2,T2 2302,B,2,1,490A,False,CAR
2,T2 2303,B,2,1,491A,False,CAR
2,T2 2304,B,2,1,492A,False,CAR
2,T2 2305,B,2,1,493A,False,CAR
2,T2 2306,B,2,2,506A;506B,False,CAR
2,T2 2307,B,2,2,507A;507B,False,CAR
2,T2 2308,B,2,2,508A;508B,False,CAR
2,T2 2312,B,2,2,547A;547B,False,CAR
2,T2 2313,B,2,2,546A;546B,False,CAR
2,T2 2314,B,2,2,545A;545B,False,CAR
2,T2 2311,B,2,1,549A,False,CAR
2,T2 2310,B,2,1,550A,False,CAR
2,T2 2309,B,2,2,551A;551B,False,CAR
2,T2 2148,B,1,1,,False,CAR
2,T2 2149,B,1,1,,False,CAR
2,T2 2150,B,1,1,,False,CAR
2,T2 2151,B,1,1,,False,CAR
2,T2 2152,B,1,1,,True,CAR
2,T2 2153,B,1,1,,False,CAR
2,T2 2154,B,1,1,,False,CAR
2,T2 2155,B,1,1,,False,CAR
2,T2 2156,B,1,1,,False,CAR
2,T2 2157,B,1,1,,False,CAR
2,T2 2158,B,1,1,,False,CAR
2,T1 1151,A,1,1,,False,CAR
2,T1 1152,A,1,1,,False,CAR
2,T1 1153,A,1,1,,False,CAR
2,T1 1154,A,1,1,,False,CAR
2,T1 1155,A,1,1,,False,CAR
2,T1 1156,A,1,1,,False,CAR
2,T1 1157,A,1,1,,False,CAR
2,T1 1158,A,1,1,,False,CAR
2,T1 1150,A,1,1,,False,CAR
2,T1 1149,A,1,1,,True,CAR
2,T1 1291,A,2,2,516A;516B,False,CAR
2,T1 1292,A,2,2,517A;517B,False,CAR
2,T1 1293,A,2,2,519A;519B,False,CAR
2,T1 1294,A,2,2,520A;520B,False,CAR
2,T1 1295,A,2,2,521A;521B,False,CAR
2,T1 1296,A,2,2,522A;522B,False,CAR
2,T1 1297,A,2,1,,False,CAR
2,T1 1298,A,2,2,528A;528B,False,CAR
2,T1 1299,A,2,2,529A;529B,False,CAR
2,T1 1301,A,2,1,563A,False,CAR
2,T1 1304,A,2,2,564A;564B,False,CAR
2,T1 1305,A,2,2,565A;565B,False,CAR
2,T1 1306,A,2,2,566A;566B,False,CAR
2,T1 1307,A,2,2,567A;567B,False,CAR
2,T1 1300,A,2,1,561A,False,CAR
2,T1 1302,A,2,2,556A;556B,False,CAR
2,T1 1303,A,2,1,557A,False,CAR
2,T1 1308,A,2,2,569A;569B,False,CAR
2,T1 1309,A,2,2,570A;570B,False,CAR
2,T1 1310,A,2,2,571A;571B,False,CAR
2,T1 1312,A,2,1,576A,False,CAR
2,T1 1313,A,2,1,577A,False,CAR
2,T1 1314,A,2,1,578A,False,CAR
2,T1 1311,A,2,1,,False,CAR
2,T1 1245,A,2,2,,False,CAR
2,T3 3148,C,1,1,,False,CAR
2,T3 3149,C,1,1,,False,CAR
2,T3 3150,C,1,1,,False,CAR
2,T3 3153,C,1,1,,True,CAR
2,T3 3154,C,1,1,,False,CAR
2,T3 3158,C,1,1,,False,CAR
2,T3 3157,C,1,1,,False,CAR
2,T3 3156,C,1,1,,False,CAR
2,T3 3155,C,1,1,,False,CAR
2,T3 3151,C,1,1,,False,CAR
2,T3 3152,C,1,1,,False,CAR
2,T1 1316,A,2,2,524A;524B,False,CAR
2,T1 1160,A,1,1,,False,CAR
2,T2 2316,B,2,2,511A;511B,False,CAR
2,T2 2160,B,1,1,,False,CAR
2,MOTO 046,,,1,,False,MOTO
2,MOTO 047,,,1,,False,MOTO
2,MOTO 048,,,1,,False,MOTO
2,MOTO 049,,,1,,False,MOTO
2,MOTO 050,,,1,,False,MOTO
2,MOTO 051,,,1,,False,MOTO
2,MOTO 052,,,1,,False,MOTO
2,MOTO 055,,,1,,False,MOTO
2,MOTO 056,,,1,,False,MOTO
2,MOTO 053,,,1,,False,MOTO
2,MOTO 054,,,1,,False,MOTO
2,MOTO 066,,,1,,False,MOTO
2,MOTO 065,,,1,,False,MOTO
2,MOTO 064,,,1,,False,MOTO
2,MOTO 063,,,1,,False,MOTO
2,MOTO 062,,,1,,False,MOTO
2,MOTO 061,,,1,,False,MOTO
2,MOTO 060,,,1,,False,MOTO
2,MOTO 059,,,1,,False,MOTO
2,MOTO 058,,,1,,False,MOTO
2,MOTO 057,,,1,,False,MOTO
2,MOTO 071,,,1,,False,MOTO
2,MOTO 070,,,1,,False,MOTO
2,MOTO 069,,,1,,False,MOTO
2,MOTO 067,,,1,,False,MOTO
2,MOTO 068,,,1,,False,MOTO
